25/03/2023,"-50.00","ASC* 44094X60633 NEWTOWN NS AUS Card xx3311 Value Date: 23/03/2023","+1230.48"
24/03/2023,"-60.00","REVOLUTIONS HEALTH A ST MARYS AUS Card xx3311 Value Date: 22/03/2023","+1280.48"
24/03/2023,"-20.07","LINKT SYDNEY SYDNEY AUS Card xx3311 Value Date: 23/03/2023","+1340.48"
23/03/2023,"-5.00","TRANSPORTFORNSW OPAL CHIPPENDALE AUS Card xx3311 Value Date: 22/03/2023","+1360.55"
22/03/2023,"+1090.97","Direct Credit 640550 Spaceship Capita Ref25389437","+1365.55"
22/03/2023,"-7.50","PATTAN SUPERMARKET HARRIS PARK NS AUS Card xx3311 Value Date: 19/03/2023","+274.58"
21/03/2023,"-44.68","CHEMIST WAREHOUSE ST MARYS NS AUS Card xx3311 Value Date: 16/03/2023","+282.08"
21/03/2023,"-9.00","WSU PARKING WERRINGTON AUS Card xx3311 Value Date: 17/03/2023","+326.76"
21/03/2023,"-0.50","International Transaction Fee Value Date: 17/03/2023","+335.76"
21/03/2023,"-16.71","DONATION* INTRNLHYPERH WASHINGTON DC USA Card xx3311 USD 11.09 Value Date: 18/03/2023","+336.26"
21/03/2023,"-9.00","WSU PARKING WERRINGTON AUS Card xx3311 Value Date: 18/03/2023","+352.97"
21/03/2023,"-0.50","HUNGRY JACKS AUBURN AUBURN AU AUS Card xx3311 Value Date: 19/03/2023","+361.97"
20/03/2023,"-25.00","Direct Debit 617704 PAYPAL AUSTRALIA 1025895903467","+362.47"
19/03/2023,"-6.50","Transfer To F MAHIN PayID Phone from CommBank App Burger","+387.47"
18/03/2023,"-13.00","Transfer To T MAHMUD PayID Phone from CommBank App tehari","+393.97"
18/03/2023,"-10.00","Beem It","+406.97"
17/03/2023,"-1.00","International Transaction Fee Value Date: 15/03/2023","+416.97"
17/03/2023,"-33.18","CHATGPT SUBSCRIPTION SAN FRANCISCO CA USA Card xx3311 USD 22.00 Value Date: 15/03/2023","+417.97"
17/03/2023,"-4.20","SMP*Hero Sushi Parram Parramatta AU AUS Card xx3311 Value Date: 15/03/2023","+451.15"
17/03/2023,"-14.95","NENE CHICKEN PMATTA PARRAMATTA NS AUS Card xx3311 Value Date: 15/03/2023","+455.35"
17/03/2023,"-5.00","TRANSPORTFORNSW OPAL CHIPPENDALE AUS Card xx3311 Value Date: 15/03/2023","+470.30"
16/03/2023,"-24.90","Uniqlo Australia Pty L Melbourne AU AUS Card xx3311 Value Date: 14/03/2023","+475.30"
16/03/2023,"-23.70","BARBER BOX PTY LTD MOUNT DRUITT NS AUS Card xx3311 Value Date: 14/03/2023","+500.20"
16/03/2023,"-10.15","O chicken Parramatta Parramatta NS AUS Card xx3311 Value Date: 14/03/2023","+523.90"
16/03/2023,"-5.00","TRANSPORTFORNSW OPAL CHIPPENDALE AUS Card xx3311 Value Date: 15/03/2023","+534.05"
16/03/2023,"-140.00","Transfer to CBA A/c NetBank Fortnightly Gift","+539.05"
16/03/2023,"-50.00","Transfer to xx9788 NetBank Emergency Fund","+679.05"
16/03/2023,"-100.00","Transfer to xx0773 NetBank Car","+729.05"
16/03/2023,"-100.00","Transfer to xx3155 NetBank Ammu Hajj","+829.05"
16/03/2023,"-290.00","Transfer to xx4532 NetBank rent","+929.05"
16/03/2023,"-15.00","Transfer To H RAHAMAN PayID Phone from CommBank App food","+1219.05"
15/03/2023,"-6000.00","Transfer to xx0381 CommBank app loan back","+1234.05"
15/03/2023,"+6000.00","Fast Transfer From IMRAN KHAN to PayID Phone 25 din mein paisa double _","+7234.05"
15/03/2023,"-97.99","BP CON ST MARYS 2195 ST MARYS NS AUS Card xx3311 Value Date: 10/03/2023","+1234.05"
15/03/2023,"-10.04","LINKT SYDNEY SYDNEY AUS Card xx3311 Value Date: 13/03/2023","+1332.04"
14/03/2023,"+700.00","Direct Credit 640550 Spaceship Capita Ref25321778","+1342.08"
14/03/2023,"-10.00","IPDC ST MARYS NS AUS Card xx3311 Value Date: 10/03/2023","+642.08"
14/03/2023,"-0.51","International Transaction Fee Value Date: 09/03/2023","+652.08"
14/03/2023,"-16.87","DONATION* INTRNLHYPERH WASHINGTON DC USA Card xx3311 USD 11.09 Value Date: 10/03/2023","+652.59"
14/03/2023,"-2.83","Breadtop Westpoint Blacktown NS AUS Card xx3311 Value Date: 10/03/2023","+669.46"
14/03/2023,"-9.47","ALDI STORES - MOUNT DR MOUNT DRUITT AUS Card xx3311 Value Date: 11/03/2023","+672.29"
11/03/2023,"-15.00","WSU BPOINT CHECKOUT RICHMOND AUS Card xx3311 Value Date: 09/03/2023","+681.76"
10/03/2023,"-18.00","Transfer To R CHOWDHURY PayID Phone from CommBank App mandi","+696.76"
10/03/2023,"-19.00","Transfer To F MAHIN PayID Phone from CommBank App send nudes","+714.76"
10/03/2023,"+35.00","Fast Transfer From RAFI CHOWDHURY to PayID Phone FoodWashFuel","+733.76"
10/03/2023,"-6.10","SMP*Mivano Kebab Strathfield AU AUS Card xx3311 Value Date: 08/03/2023","+698.76"
10/03/2023,"-9.89","Google Ellation Pyrmont AU AUS Card xx3311 Value Date: 09/03/2023","+704.86"
09/03/2023,"-5.00","TRANSPORTFORNSW OPAL CHIPPENDALE AUS Card xx3311 Value Date: 07/03/2023","+714.75"
09/03/2023,"-25.00","Transfer To Sadiya CommBank App Arif Karim 0490368426","+719.75"
08/03/2023,"-24.80","eBay O*01-09791-03134 Sydney AU AUS Card xx3311 Value Date: 07/03/2023","+744.75"
07/03/2023,"-6000.00","Transfer To MR IMRAN KHAN PayID Phone from CommBank App loan","+769.55"
07/03/2023,"+6000.00","Transfer from xx3155 CommBank app loan","+6769.55"
07/03/2023,"-100.00","Transfer To A RAHMAN PayID Phone from CommBank App loan return","+769.55"
07/03/2023,"+150.00","Refund Purchase Beem It","+869.55"
07/03/2023,"-10.00","IPDC ST MARYS NS AUS Card xx3311 Value Date: 03/03/2023","+719.55"
07/03/2023,"-5.00","MFC SUPERMARKET ST MARYS NS AUS Card xx3311 Value Date: 03/03/2023","+729.55"
07/03/2023,"-8.00","ROKETTO PTY LIMITED Lidcombe NS AUS Card xx3311 Value Date: 04/03/2023","+734.55"
07/03/2023,"-0.09","International Transaction Fee Value Date: 04/03/2023","+742.55"
07/03/2023,"-2.97","UPLOADHAVEN.COM SAN LEANDRO CA USA Card xx3311 USD 1.99 Value Date: 04/03/2023","+742.64"
07/03/2023,"-20.00","BUDGET PETROL NORTHQPS NORTH STRATHF AUS Card xx3311 Value Date: 04/03/2023","+745.61"
03/03/2023,"-5.00","Transfer To A LEE PayID Phone from CommBank App 20193922 Arif Karim","+765.61"
03/03/2023,"-2.70","QUALITYVEND PTY LTD SEVEN HILLS AU AUS Card xx3311 Value Date: 28/02/2023","+770.61"
03/03/2023,"-28.50","FAST LANE KARTING PT MINTO NS AUS Card xx3311 Value Date: 28/02/2023","+773.31"
02/03/2023,"-200.00","Transfer To A RAHMAN PayID Phone from CommBank App loan return","+801.81"
02/03/2023,"-23.70","BARBER BOX PTY LTD MOUNT DRUITT NS AUS Card xx3311 Value Date: 28/02/2023","+1001.81"
02/03/2023,"-4.50","WOOLWORTHS 1248 SYDNEY AU AUS Card xx3311 Value Date: 28/02/2023","+1025.51"
02/03/2023,"-140.00","Transfer to CBA A/c NetBank Fortnightly Gift","+1030.01"
02/03/2023,"-50.00","Transfer to xx9788 NetBank Emergency Fund","+1170.01"
02/03/2023,"-100.00","Transfer to xx0773 NetBank Car","+1220.01"
02/03/2023,"-100.00","Transfer to xx3155 NetBank Ammu Hajj","+1320.01"
01/03/2023,"+28.00","Fast Transfer From ZARIF KARIM to PayID Phone badminton string","+1420.01"
01/03/2023,"+1306.36","Salary IAG SERVICES PTY SALARY70/123640","+1392.01"
01/03/2023,"-5.00","LMA LAKEMBA NS AUS Card xx3311 Value Date: 26/02/2023","+85.65"
01/03/2023,"-69.00","KMART MULGRAVE AUS Card xx3311 Value Date: 27/02/2023","+90.65"
01/03/2023,"-5.00","TRANSPORTFORNSW OPAL CHIPPENDALE AUS Card xx3311 Value Date: 28/02/2023","+159.65"
01/03/2023,"-282.34","Alinta Energy CommBank app BPAY 168930 10323514802 Energy Bill","+164.65"
28/02/2023,"-18.50","Transfer To F MAHIN PayID Phone from CommBank App food","+446.99"
28/02/2023,"+200.00","Fast Transfer From ADIYAT RAHMAN to PayID Phone Adiyat","+465.49"
28/02/2023,"+100.00","Fast Transfer From NIBIR SARKER to PayID Phone Nibir","+265.49"
28/02/2023,"-2.20","CIRCUM WASH MENTONE VI AUS Card xx3311 Value Date: 24/02/2023","+165.49"
28/02/2023,"-20.00","IPDC ST MARYS NS AUS Card xx3311 Value Date: 24/02/2023","+167.69"
28/02/2023,"-11.18","SMP*GNT SERVICES North Strathf AU AUS Card xx3311 Value Date: 24/02/2023","+187.69"
28/02/2023,"-10.10","HUNGRY JACKS ST MARYS St Marys AU AUS Card xx3311 Value Date: 24/02/2023","+198.87"
28/02/2023,"-18.15","HUNGRY JACKS ST MARYS St Marys AU AUS Card xx3311 Value Date: 24/02/2023","+208.97"
28/02/2023,"-115.00","DECCAN HOSPITALITY PTY AUBURN AUS Card xx3311 Value Date: 23/02/2023","+227.12"
28/02/2023,"-2.55","aliexpress Melbourne AU AUS Card xx3311 Value Date: 25/02/2023","+342.12"
28/02/2023,"-20.00","AMPOL EASTERN C 28576F EASTERN CREEK AUS Card xx3311 Value Date: 25/02/2023","+344.67"
28/02/2023,"-3.50","SQ *R S ENTERPRISE North Saint M NS AUS Card xx3311 Value Date: 26/02/2023","+364.67"
27/02/2023,"+30.00","Refund Purchase Beem It","+368.17"
25/02/2023,"-1.33","Beem It","+338.17"
25/02/2023,"-88.00","Transfer To Md Bhuiyan PayID Phone from CommBank App badminton string from Arif","+339.50"
25/02/2023,"-5.00","Beem It","+427.50"
25/02/2023,"-10.00","Beem It","+432.50"
25/02/2023,"-5.00","TRANSPORTFORNSW OPAL CHIPPENDALE AUS Card xx3311 Value Date: 23/02/2023","+442.50"
24/02/2023,"+5.00","Fast Transfer From FARHATUL MAHIN to PayID Phone Farhatul Nabi Value Date: 25/02/2023","+447.50"
23/02/2023,"+39.00","Fast Transfer From HABIBA BINTI RAHAMAN to PayID Phone Binti","+442.50"
23/02/2023,"+20.00","Fast Transfer From SADIYA OIKKO to PayID Phone Food","+403.50"
23/02/2023,"-5.69","aliexpress Melbourne AU AUS Card xx3311 Value Date: 22/02/2023","+383.50"
22/02/2023,"-10.00","Beem It","+389.19"
22/02/2023,"-89.99","Direct Debit 142619 TPG Internet DN2M0KP5A5I-03ZFO7","+399.19"
22/02/2023,"-112.63","SPEEDWAY ST MARYS NSWNSW AUS Card xx3311 Value Date: 20/02/2023","+489.18"
22/02/2023,"-60.00","REVOLUTIONS HEALTH A ST MARYS AUS Card xx3311 Value Date: 20/02/2023","+601.81"
21/02/2023,"-290.00","Transfer to xx0381 CommBank app early rent Arif Value Date: 22/02/2023","+661.81"
21/02/2023,"-20.00","IPDC ST MARYS NS AUS Card xx3311 Value Date: 17/02/2023","+951.81"
21/02/2023,"-4.50","SQ *R S ENTERPRISE North Saint M NS AUS Card xx3311 Value Date: 17/02/2023","+971.81"
21/02/2023,"-8.50","MFC SUPERMARKET ST MARYS NS AUS Card xx3311 Value Date: 17/02/2023","+976.31"
21/02/2023,"-18.00","AL RAHMANIA HALAL BTCH LAKEMBA NS AUS Card xx3311 Value Date: 17/02/2023","+984.81"
21/02/2023,"-5.00","TRANSPORTFORNSW OPAL CHIPPENDALE AUS Card xx3311 Value Date: 17/02/2023","+1002.81"
18/02/2023,"-5.00","KMART 1093 MOUNT DRUITT AU AUS Card xx3311 Value Date: 16/02/2023","+1007.81"
18/02/2023,"-23.70","BARBER BOX PTY LTD MOUNT DRUITT NS AUS Card xx3311 Value Date: 16/02/2023","+1012.81"
17/02/2023,"-2.20","QUALITYVEND PTY LTD SEVEN HILLS AU AUS Card xx3311 Value Date: 14/02/2023","+1036.51"
17/02/2023,"-0.95","International Transaction Fee Value Date: 14/02/2023","+1038.71"
17/02/2023,"-31.79","CHATGPT SUBSCRIPTION SAN FRANCISCO CA USA Card xx3311 USD 22.00 Value Date: 15/02/2023","+1039.66"
17/02/2023,"-3.73","aliexpress Melbourne AU AUS Card xx3311 Value Date: 15/02/2023","+1071.45"
17/02/2023,"-11.89","aliexpress Melbourne AU AUS Card xx3311 Value Date: 15/02/2023","+1075.18"
17/02/2023,"-6.42","aliexpress Melbourne AU AUS Card xx3311 Value Date: 15/02/2023","+1087.07"
17/02/2023,"-11.00","aliexpress Melbourne AU AUS Card xx3311 Value Date: 15/02/2023","+1093.49"
16/02/2023,"-25.00","Direct Debit 617704 PAYPAL AUSTRALIA 1025298630953","+1104.49"
16/02/2023,"-140.00","Transfer to CBA A/c NetBank Fortnightly Gift","+1129.49"
16/02/2023,"-50.00","Transfer to xx9788 NetBank Emergency Fund","+1269.49"
16/02/2023,"-100.00","Transfer to xx0773 NetBank Car","+1319.49"
16/02/2023,"-100.00","Transfer to xx3155 NetBank Ammu Hajj","+1419.49"
16/02/2023,"-290.00","Transfer to xx4532 NetBank rent","+1519.49"
15/02/2023,"-10.00","Beem It","+1809.49"
15/02/2023,"+1660.48","Salary IAG SERVICES PTY SALARY70/123640","+1819.49"
15/02/2023,"-5.00","TRANSPORTFORNSW OPAL CHIPPENDALE AUS Card xx3311 Value Date: 14/02/2023","+159.01"
14/02/2023,"-6.95","Direct Debit 617704 PAYPAL AUSTRALIA 1025252391734","+164.01"
14/02/2023,"-5.00","LMA LAKEMBA NS AUS Card xx3311 Value Date: 10/02/2023","+170.96"
14/02/2023,"-20.00","City Conferencing Cent Sydney AU AUS Card xx3311 Value Date: 10/02/2023","+175.96"
14/02/2023,"-24.00","AL RAHMANIA HALAL BTCH LAKEMBA NS AUS Card xx3311 Value Date: 11/02/2023","+195.96"
14/02/2023,"-5.00","TRANSPORTFORNSW OPAL CHIPPENDALE AUS Card xx3311 Value Date: 11/02/2023","+219.96"
13/02/2023,"-10.00","Direct Debit 617704 PAYPAL AUSTRALIA 1025231775079","+224.96"
12/02/2023,"-12.00","Transfer To Andry Wirawan PayID Phone from CommBank App Badminton Arif Karim","+234.96"
12/02/2023,"-16.33","BEEM IT BEEM.COM.AU AU Card xx3311","+246.96"
11/02/2023,"-20.00","Transfer To A RAHMAN PayID Phone from CommBank App food from Arif","+263.29"
10/02/2023,"-150.00","Transfer To MR KAZI NAFIS RAYYAN PayID Phone from CommBank App loan","+283.29"
10/02/2023,"-1.68","International Transaction Fee Value Date: 07/02/2023","+433.29"
10/02/2023,"-56.08","CODE* TRIAL PRO LITE - NEW YORK NY USA Card xx3311 USD 38.49 Value Date: 08/02/2023","+434.97"
10/02/2023,"-5.00","TRANSPORTFORNSW OPAL CHIPPENDALE AUS Card xx3311 Value Date: 09/02/2023","+491.05"
09/02/2023,"-115.50","KMART 1093 MOUNT DRUITT AU AUS Card xx3311 Value Date: 06/02/2023","+496.05"
09/02/2023,"+42.00","Return KMART MULGRAVE AUS Card xx3311 Value Date: 07/02/2023","+611.55"
09/02/2023,"-5.00","TRANSPORTFORNSW OPAL CHIPPENDALE AUS Card xx3311 Value Date: 07/02/2023","+569.55"
09/02/2023,"-5.00","TRANSPORTFORNSW OPAL CHIPPENDALE AUS Card xx3311 Value Date: 07/02/2023","+574.55"
08/02/2023,"-119.35","XTREMEWAREH 4029357733 AU AUS Card xx3311 Value Date: 06/02/2023","+579.55"
08/02/2023,"-14.47","BLACKTOWN CITYCOUNCI EMERTON NS AUS Card xx3311 Value Date: 04/02/2023","+698.90"
08/02/2023,"+3.75","Return aliexpress Melbourne AU AUS Card xx3311 Value Date: 04/02/2023","+713.37"
08/02/2023,"+46.79","Refund Purchase Beem It","+709.62"
08/02/2023,"+22.25","Refund Purchase Beem It","+662.83"
07/02/2023,"-13.21","BALADNA CHARCOAL CHICK EMERTON I AU AUS Card xx3311 Value Date: 04/02/2023","+640.58"
07/02/2023,"-29.48","BALADNA CHARCOAL CHICK EMERTON I AU AUS Card xx3311 Value Date: 04/02/2023","+653.79"
06/02/2023,"+62.25","Refund Purchase Beem It","+683.27"
06/02/2023,"+3.50","Refund Purchase Beem It","+621.02"
06/02/2023,"+22.25","Refund Purchase Beem It","+617.52"
06/02/2023,"-500.00","Direct Debit 601001 Spaceship DT.1dwzyx Origin","+595.27"
06/02/2023,"+40.00","Refund Purchase Beem It","+1095.27"
06/02/2023,"+40.00","Refund Purchase Beem It","+1055.27"
06/02/2023,"-150.00","Transfer To M VAESSEN PayID Phone from CommBank App grass cutting from Arif","+1015.27"
06/02/2023,"+75.00","Refund Purchase Beem It","+1165.27"
05/02/2023,"-75.00","Beem It","+1090.27"
05/02/2023,"+8.00","Refund Purchase Beem It","+1165.27"
05/02/2023,"-90.00","Beem It","+1157.27"
05/02/2023,"-12.00","Transfer To Andry Wirawan PayID Phone from CommBank App Badminton Arif Karim","+1247.27"
04/02/2023,"+117.77","Refund Purchase Beem It","+1259.27"
03/02/2023,"-10.00","Beem It","+1141.50"
03/02/2023,"-10.00","Beem It","+1151.50"
03/02/2023,"+39.95","Direct Credit 617702 PAYPAL AUSTRALIA 1025046450259","+1161.50"
03/02/2023,"-41.50","StepPay Repayment","+1121.55"
03/02/2023,"-3.70","BARBER BOX PTY LTD MOUNT DRUITT NS AUS Card xx3311 Value Date: 01/02/2023","+1163.05"
02/02/2023,"-140.00","Transfer to CBA A/c NetBank Fortnightly Gift","+1166.75"
02/02/2023,"-50.00","Transfer to xx9788 NetBank Emergency Fund","+1306.75"
02/02/2023,"-100.00","Transfer to xx0773 NetBank Car","+1356.75"
02/02/2023,"-100.00","Transfer to xx3155 NetBank Ammu Hajj","+1456.75"
02/02/2023,"-290.00","Transfer to xx4532 NetBank rent","+1556.75"
01/02/2023,"+1823.54","Salary IAG SERVICES PTY SALARY70/123640","+1846.75"
01/02/2023,"-5.22","aliexpress Melbourne AU AUS Card xx3311 Value Date: 29/01/2023","+23.21"
01/02/2023,"-0.01","Debit Excess Interest","+28.43"
31/01/2023,"-47.50","Direct Debit 617704 PAYPAL AUSTRALIA 1024982034064","+28.44"
31/01/2023,"-14.00","Transfer To A IBRAHIM PayID Phone from CommBank App food","+75.94"
31/01/2023,"-88.20","7-ELEVEN 2024 MOUNT PRITCHA NS AUS Card xx3311 Value Date: 26/01/2023","+89.94"
31/01/2023,"-0.08","International Transaction Fee Value Date: 26/01/2023","+178.14"
31/01/2023,"-2.83","UPLOADHAVEN.COM SAN LEANDRO CA USA Card xx3311 USD 1.99 Value Date: 26/01/2023","+178.22"
31/01/2023,"-2.70","QUALITYVEND PTY LTD SEVEN HILLS AU AUS Card xx3311 Value Date: 24/01/2023","+181.05"
30/01/2023,"-60.00","Transfer To M VAESSEN PayID Phone from CommBank App furniture","+183.75"
30/01/2023,"-12.00","Transfer To Andry Wirawan PayID Phone from CommBank App Badminton Arif Karim","+243.75"
27/01/2023,"-8.00","Beem It","+255.75"
26/01/2023,"+100.00","Fast Transfer From ADIYAT RAHMAN to PayID Phone Adiyat","+263.75"
26/01/2023,"-15.00","Overdraw Fee For exceeding available funds on 25 Jan","+163.75"
26/01/2023,"-15.50","LEES MALAYSIAN SINCE 8 SYDNEY AUS Card xx8645 Value Date: 24/01/2023","+178.75"
26/01/2023,"+200.00","Transfer from xx0773 CommBank app","+194.25"
25/01/2023,"-89.99","Direct Debit 142619 TPG Internet DN1P0KGHTEL-03ZFO7","-5.75"
25/01/2023,"-100.00","Transfer To N SARKER PayID Phone from CommBank App Loan from Arif","+84.24"
25/01/2023,"-15.02","Nene Chicken George Sydney NS AUS Card xx8645 Value Date: 23/01/2023","+184.24"
25/01/2023,"-63.00","THAITORY PLUMPTON NS AUS Card xx8645 Value Date: 21/01/2023","+199.26"
24/01/2023,"-200.00","Transfer To Arif PayID Email from CommBank App Crypto","+262.26"
24/01/2023,"+200.00","Fast Transfer From MAHBUBA AHMED to PayID Phone Zakat bd","+462.26"
24/01/2023,"-20.00","City Conferencing Cent Sydney AU AUS Card xx8645 Value Date: 20/01/2023","+262.26"
24/01/2023,"-10.00","KMART 1093 MOUNT DRUITT AU AUS Card xx8645 Value Date: 19/01/2023","+282.26"
24/01/2023,"-0.09","International Transaction Fee Value Date: 21/01/2023","+292.26"
24/01/2023,"-2.89","UPLOADHAVEN.COM SAN LEANDRO CA USA Card xx8645 USD 1.99 Value Date: 22/01/2023","+292.35"
24/01/2023,"-5.35","WOOLWORTHS 1645 ST MARYS AU AUS Card xx8645 Value Date: 22/01/2023","+295.24"
24/01/2023,"-20.00","KHUSHBOO SWEETS & RE LAKEMBA NS AUS Card xx8645 Value Date: 21/01/2023","+300.59"
24/01/2023,"-6.02","aliexpress Melbourne AU AUS Card xx8645 Value Date: 23/01/2023","+320.59"
24/01/2023,"-5.00","TRANSPORTFORNSW OPAL CHIPPENDALE AUS Card xx8645 Value Date: 23/01/2023","+326.61"
23/01/2023,"-25.00","Beem It","+331.61"
22/01/2023,"-62.00","Beem It","+356.61"
21/01/2023,"+31.50","Fast Transfer From MALIHA KARIM to PayID Phone Thaitory","+418.61"
21/01/2023,"-2.70","QUALITYVEND PTY LTD SEVEN HILLS AU AUS Card xx8645 Value Date: 18/01/2023","+387.11"
21/01/2023,"-15.02","Nene Chicken George Sydney NS AUS Card xx8645 Value Date: 19/01/2023","+389.81"
21/01/2023,"-4.50","WOOLWORTHS 1248 SYDNEY AU AUS Card xx8645 Value Date: 19/01/2023","+404.83"
20/01/2023,"-60.00","REVOLUTIONS HEALTH A ST MARYS AUS Card xx8645 Value Date: 18/01/2023","+409.33"
20/01/2023,"-52.00","KMART MULGRAVE AUS Card xx8645 Value Date: 18/01/2023","+469.33"
20/01/2023,"-5.00","TRANSPORTFORNSW OPAL CHIPPENDALE AUS Card xx8645 Value Date: 19/01/2023","+521.33"
19/01/2023,"-400.00","Direct Debit 601001 Spaceship DT.1c539a Origin","+526.33"
19/01/2023,"-140.00","Transfer to CBA A/c NetBank Fortnightly Gift","+926.33"
19/01/2023,"-50.00","Transfer to xx9788 NetBank Emergency Fund","+1066.33"
19/01/2023,"-100.00","Transfer to xx0773 NetBank Car","+1116.33"
19/01/2023,"-100.00","Transfer to xx3155 NetBank Ammu Hajj","+1216.33"
19/01/2023,"-290.00","Transfer to xx4532 NetBank rent","+1316.33"
19/01/2023,"-6.00","WW METRO 1665 PARRAMATTA AU AUS Card xx8645 Value Date: 17/01/2023","+1606.33"
19/01/2023,"-15.95","1301_George_Street_KFC Sydney AU AUS Card xx8645 Value Date: 17/01/2023","+1612.33"
18/01/2023,"+1113.30","Salary IAG SERVICES PTY SALARY70/123640","+1628.28"
18/01/2023,"-2.20","CIRCUM WASH MENTONE VI AUS Card xx8645 Value Date: 16/01/2023","+514.98"
18/01/2023,"-23.70","BARBER BOX PTY LTD MOUNT DRUITT NS AUS Card xx8645 Value Date: 16/01/2023","+517.18"
18/01/2023,"-15.33","Nene Chicken George Sydney NS AUS Card xx8645 Value Date: 16/01/2023","+540.88"
18/01/2023,"-5.00","REVOLUTIONS HLTH AND ST MARYS NS AUS Card xx8645 Value Date: 14/01/2023","+556.21"
18/01/2023,"-18.00","E & N HOLDINGS GROUP MINCHINBURY NS AUS Card xx8645 Value Date: 13/01/2023","+561.21"
18/01/2023,"-5.00","TRANSPORTFORNSW OPAL CHIPPENDALE AUS Card xx8645 Value Date: 17/01/2023","+579.21"
17/01/2023,"-2.70","QUALITYVEND PTY LTD SEVEN HILLS AU AUS Card xx8645 Value Date: 12/01/2023","+584.21"
17/01/2023,"-10.00","IPDC ST MARYS NS AUS Card xx8645 Value Date: 13/01/2023","+586.91"
17/01/2023,"-5.00","REVOLUTIONS HEALTH QPS ST MARYS AUS Card xx8645 Value Date: 14/01/2023","+596.91"
17/01/2023,"-8.00","SQ *SWEET CHOICE ICE C Terrigal NS AUS Card xx8645 Value Date: 15/01/2023","+601.91"
17/01/2023,"-34.00","KMART 1099 WOY WOY AU AUS Card xx8645 Value Date: 15/01/2023","+609.91"
17/01/2023,"-20.00","KMART 1099 WOY WOY AU AUS Card xx8645 Value Date: 15/01/2023","+643.91"
16/01/2023,"-25.00","Direct Debit 617704 PAYPAL AUSTRALIA 1024712245526","+663.91"
16/01/2023,"-8.00","Beem It","+688.91"
14/01/2023,"-15.17","Nene Chicken George Sydney NS AUS Card xx8645 Value Date: 12/01/2023","+696.91"
13/01/2023,"-8.00","Subway Druitt St 36214 Sydney NS AUS Card xx8645 Value Date: 10/01/2023","+712.08"
13/01/2023,"-5.00","REVOLUTIONS HLTH AND ST MARYS NS AUS Card xx8645 Value Date: 11/01/2023","+720.08"
13/01/2023,"-35.20","MEDIBANK PHI DEBIT MELBOURNE AUS Card xx8645 Value Date: 11/01/2023","+725.08"
13/01/2023,"-5.00","TRANSPORTFORNSW OPAL CHIPPENDALE AUS Card xx8645 Value Date: 12/01/2023","+760.28"
12/01/2023,"-42.50","ACT PHARMACIES CommBank app BPAY 11726 10023131856","+765.28"
12/01/2023,"-13.99","Google Disney Mobile Barangaroo AU AUS Card xx8645 Value Date: 10/01/2023","+807.78"
12/01/2023,"-14.26","aliexpress Melbourne AU AUS Card xx8645 Value Date: 11/01/2023","+821.77"
11/01/2023,"-500.00","Direct Debit 601001 Spaceship DT.1ba0h7 Origin","+836.03"
11/01/2023,"-6.06","Breadtop 580George St Sydney NS AUS Card xx8645 Value Date: 09/01/2023","+1336.03"
11/01/2023,"-8.48","Breadtop 580George St Sydney NS AUS Card xx8645 Value Date: 09/01/2023","+1342.09"
10/01/2023,"-6.62","aliexpress Melbourne AU AUS Card xx8645 Value Date: 06/01/2023","+1350.57"
10/01/2023,"-4.84","aliexpress Melbourne AU AUS Card xx8645 Value Date: 07/01/2023","+1357.19"
10/01/2023,"-43.80","CHEZMATE PTY LIMITED ST MARYS AU AUS Card xx8645 Value Date: 08/01/2023","+1362.03"
10/01/2023,"-23.70","BARBER BOX PTY LTD MOUNT DRUITT NS AUS Card xx8645 Value Date: 08/01/2023","+1405.83"
10/01/2023,"-6.60","WOOLWORTHS 1645 ST MARYS AU AUS Card xx8645 Value Date: 08/01/2023","+1429.53"
10/01/2023,"-5.00","TRANSPORTFORNSW OPAL CHIPPENDALE AUS Card xx8645 Value Date: 09/01/2023","+1436.13"
10/01/2023,"-23.00","Transfer To Nid Hassan CommBank App Kacchi Khacchi","+1441.13"
09/01/2023,"-10.00","Transfer To Racheal Petty PayID Phone from CommBank App Car","+1464.13"
09/01/2023,"+90.00","Transfer from xx0381 NetBank Internet Bill","+1474.13"
09/01/2023,"-52.72","Beem It","+1384.13"
08/01/2023,"-12.00","Transfer To Andry Wirawan PayID Phone from CommBank App badmintion","+1436.85"
07/01/2023,"-5.00","REVOLUTIONS HLTH AND ST MARYS NS AUS Card xx8645 Value Date: 05/01/2023","+1448.85"
06/01/2023,"-12.85","CHEZMATE PTY LIMITED ST MARYS AU AUS Card xx8645 Value Date: 04/01/2023","+1453.85"
06/01/2023,"-25.00","ORIGINAL DRAGON DEVELO PARRAMATTA AUS Card xx8645 Value Date: 04/01/2023","+1466.70"
05/01/2023,"-200.00","Direct Debit 601001 Spaceship DT.1aqebk Origin","+1491.70"
05/01/2023,"+21.00","Direct Credit 002221 MCARE BENEFITS 474035329 KAMU","+1691.70"
05/01/2023,"-12.00","OEH NSW SYDNEY SOUTH AUS Card xx8645 Value Date: 01/01/2023","+1670.70"
05/01/2023,"-140.00","Transfer to CBA A/c NetBank Fortnightly Gift","+1682.70"
05/01/2023,"-50.00","Transfer to xx9788 NetBank Emergency Fund","+1822.70"
05/01/2023,"-100.00","Transfer to xx0773 NetBank Car","+1872.70"
05/01/2023,"-100.00","Transfer to xx3155 NetBank Ammu Hajj","+1972.70"
05/01/2023,"-290.00","Transfer to xx4532 NetBank rent","+2072.70"
04/01/2023,"+926.24","Salary IAG SERVICES PTY SALARY70/123640","+2362.70"
04/01/2023,"-10.00","IPDC ST MARYS NS AUS Card xx8645 Value Date: 30/12/2022","+1436.46"
04/01/2023,"-5.00","REVOLUTIONS HLTH AND ST MARYS NS AUS Card xx8645 Value Date: 30/12/2022","+1446.46"
04/01/2023,"-14.90","Hungry Jacks Granville AU AUS Card xx8645 Value Date: 01/01/2023","+1451.46"
04/01/2023,"-19.31","SMP*Engadine Kebab Ho Engadine AU AUS Card xx8645 Value Date: 01/01/2023","+1466.36"
04/01/2023,"-25.41","SMP*Engadine Kebab Ho Engadine AU AUS Card xx8645 Value Date: 01/01/2023","+1485.67"
04/01/2023,"-40.89","BP CON ST MARYS 2195 ST MARYS NS AUS Card xx8645 Value Date: 01/01/2023","+1511.08"
04/01/2023,"-73.34","APEX VILLAWOOD VILLAWOOD NS AUS Card xx8645 Value Date: 01/01/2023","+1551.97"
04/01/2023,"-26.88","GFM*GoFundMe Football Sydney AU AUS Card xx8645 Value Date: 02/01/2023","+1625.31"
03/01/2023,"+10.00","Fast Transfer From FARHATUL MAHIN to PayID Phone food","+1652.19"
01/01/2023,"+21.00","Fast Transfer From ARJON AHMED to PayID Phone syysys","+1642.19"
31/12/2022,"-6.99","CHEMIST WAREHOUSE ST MARYS NS AUS Card xx8645 Value Date: 29/12/2022","+1621.19"
30/12/2022,"-7.50","Transfer To R CHOWDHURY PayID Phone from CommBank App Food from Arif","+1628.18"
30/12/2022,"+28.44","Refund Purchase Beem It","+1635.68"
30/12/2022,"-87.00","Beem It","+1607.24"
30/12/2022,"-71.99","SUPERCHEAP AUTO GUNGAHLIN AC AUS Card xx8645 Value Date: 27/12/2022","+1694.24"
30/12/2022,"-5.00","REVOLUTIONS HEALTH QPS ST MARYS AUS Card xx8645 Value Date: 28/12/2022","+1766.23"
29/12/2022,"-10.00","IPDC ST MARYS NS AUS Card xx8645 Value Date: 23/12/2022","+1771.23"
29/12/2022,"-6.23","aliexpress Melbourne AU AUS Card xx8645 Value Date: 24/12/2022","+1781.23"
29/12/2022,"-1.30","MFC SUPERMARKET ST MARYS NS AUS Card xx8645 Value Date: 22/12/2022","+1787.46"
29/12/2022,"-2.28","WWW.ALIEXPRESS.COM LONDON GB GBR Card xx8645 AUD 2.28 Value Date: 24/12/2022","+1788.76"
29/12/2022,"-8.00","COLES EXPRESS 1488 ST MARYS AU AUS Card xx8645 Value Date: 23/12/2022","+1791.04"
29/12/2022,"-10.04","LINKT SYDNEY SYDNEY AUS Card xx8645 Value Date: 24/12/2022","+1799.04"
28/12/2022,"+320.00","Fast Transfer From ADIYAT RAHMAN to PayID Phone Loan","+1809.08"
28/12/2022,"-89.99","Direct Debit 142619 TPG Internet DMCP1OOF9GU-03ZFO7","+1489.08"
27/12/2022,"-200.00","Transfer To K MASENDU PayID Phone from CommBank App Car","+1579.07"
25/12/2022,"-6.50","Transfer To R CHOWDHURY PayID Phone from CommBank App Food from Arif","+1779.07"
24/12/2022,"+95.66","Refund Purchase Beem It","+1785.57"
23/12/2022,"-23.70","BARBER BOX PTY LTD MOUNT DRUITT NS AUS Card xx8645 Value Date: 21/12/2022","+1689.91"
23/12/2022,"-5.00","REVOLUTIONS HEALTH QPS ST MARYS AUS Card xx8645 Value Date: 21/12/2022","+1713.61"
22/12/2022,"-200.00","Direct Debit 601001 Spaceship DT.19dv5o Origin","+1718.61"
22/12/2022,"-140.00","Transfer to CBA A/c NetBank Fortnightly Gift","+1918.61"
22/12/2022,"-100.00","Transfer to xx3155 NetBank Ammu Hajj","+2058.61"
22/12/2022,"-290.00","Transfer to xx4532 NetBank rent","+2158.61"
21/12/2022,"+1306.36","Salary IAG SERVICES PTY SALARY70/123640","+2448.61"
21/12/2022,"-5.00","TRANSPORTFORNSW OPAL CHIPPENDALE AUS Card xx8645 Value Date: 20/12/2022","+1142.25"
20/12/2022,"-12.70","Guzman y Gomez Werrington NS AUS Card xx8645 Value Date: 16/12/2022","+1147.25"
20/12/2022,"-20.90","Guzman y Gomez Werrington NS AUS Card xx8645 Value Date: 16/12/2022","+1159.95"
20/12/2022,"-20.00","IPDC ST MARYS NS AUS Card xx8645 Value Date: 16/12/2022","+1180.85"
20/12/2022,"-2.00","ST MARYS SUPASTORE NORTH ST MARY NS AUS Card xx8645 Value Date: 16/12/2022","+1200.85"
20/12/2022,"-30.22","Argyle Bar Sydney NS AUS Card xx8645 Value Date: 18/12/2022","+1202.85"
20/12/2022,"-5.00","TRANSPORTFORNSW OPAL CHIPPENDALE AUS Card xx8645 Value Date: 19/12/2022","+1233.07"
19/12/2022,"+95.66","Refund Purchase Beem It","+1238.07"
19/12/2022,"-450.00","Beem It","+1142.41"
19/12/2022,"-10.00","Transfer To A AHMED PayID Phone from CommBank App kfc","+1592.41"
18/12/2022,"-5.00","Transfer To A ZARIF PayID Phone from CommBank App badmintion","+1602.41"
18/12/2022,"-3.00","Transfer To R CHOWDHURY PayID Phone from CommBank App Thela","+1607.41"
18/12/2022,"-50.00","Transfer To Arif PayID Email from CommBank App Binance","+1610.41"
17/12/2022,"-160.00","DR PHILLIP ARTEMI LIVERPOOL AUS Card xx8645 Value Date: 15/12/2022","+1660.41"
17/12/2022,"-15.50","LEES MALAYSIAN SINCE 8 SYDNEY AUS Card xx8645 Value Date: 15/12/2022","+1820.41"
16/12/2022,"-25.00","Direct Debit 617704 PAYPAL AUSTRALIA 1024129968559","+1835.91"
15/12/2022,"+39.25","Direct Credit 002221 MCARE BENEFITS 462063532 AYWQ","+1860.91"
15/12/2022,"-13.22","SQ *THE PHARAOH BBQ Sydney NS AUS Card xx8645 Value Date: 14/12/2022","+1821.66"
15/12/2022,"-13.99","Google Ellation Pyrmont AU AUS Card xx8645 Value Date: 14/12/2022","+1834.88"
15/12/2022,"-5.00","TRANSPORTFORNSW OPAL CHIPPENDALE AUS Card xx8645 Value Date: 14/12/2022","+1848.87"
14/12/2022,"-35.20","MEDIBANK PHI DEBIT MELBOURNE AUS Card xx8645 Value Date: 12/12/2022","+1853.87"
13/12/2022,"+120.00","Fast Transfer From ADIYAT RAHMAN to PayID Phone Adiyat","+1889.07"
13/12/2022,"-0.09","International Transaction Fee Value Date: 10/12/2022","+1769.07"
13/12/2022,"-2.95","UPLOADHAVEN.COM SAN LEANDRO CA USA Card xx8645 USD 1.99 Value Date: 10/12/2022","+1769.16"
12/12/2022,"-28.00","Direct Debit 617704 PAYPAL AUSTRALIA 1024007997489","+1772.11"
12/12/2022,"-1.00","Direct Debit 617704 PAYPAL AUSTRALIA 1024036995355","+1800.11"
12/12/2022,"-10.00","Direct Debit 617704 PAYPAL AUSTRALIA 1024009765747","+1801.11"
09/12/2022,"+90.00","Transfer from xx0381 NetBank Internet Bill","+1811.11"
08/12/2022,"-5.00","REVOLUTIONS HEALTH QPS ST MARYS AUS Card xx8645 Value Date: 05/12/2022","+1721.11"
08/12/2022,"-140.00","Transfer to CBA A/c NetBank Fortnightly Gift","+1726.11"
08/12/2022,"-100.00","Transfer to xx3155 NetBank Ammu Hajj","+1866.11"
08/12/2022,"-290.00","Transfer to xx4532 NetBank rent","+1966.11"
07/12/2022,"+1660.48","Salary IAG SERVICES PTY SALARY70/123640","+2256.11"
05/12/2022,"-25.00","Transfer to xx0381 CommBank app picnic from arif","+595.63"
05/12/2022,"-20.00","Transfer To A RAHMAN PayID Phone from CommBank App loan","+620.63"
03/12/2022,"-6.99","CHEMISTWAREHOUSE ONLIN Preston AU AUS Card xx8645 Value Date: 01/12/2022","+640.63"
03/12/2022,"-42.50","HEALTHSMART PHARMACY ST MARYS NS AUS Card xx8645 Value Date: 01/12/2022","+647.62"
03/12/2022,"-8.00","WESTFIELD PARRAMATTA PARRAMATTA AUS Card xx8645 Value Date: 30/11/2022","+690.12"
03/12/2022,"-5.00","REVOLUTIONS HEALTH QPS ST MARYS AUS Card xx8645 Value Date: 01/12/2022","+698.12"
03/12/2022,"-5.00","TRANSPORTFORNSW OPAL CHIPPENDALE AUS Card xx8645 Value Date: 01/12/2022","+703.12"
02/12/2022,"-39.74","NENE CHICKEN PMATTA PARRAMATTA NS AUS Card xx8645 Value Date: 30/11/2022","+708.12"
02/12/2022,"-9.60","NENE CHICKEN PMATTA PARRAMATTA NS AUS Card xx8645 Value Date: 30/11/2022","+747.86"
01/12/2022,"-10.04","LINKT SYDNEY SYDNEY AUS Card xx8645 Value Date: 30/11/2022","+757.46"
30/11/2022,"-10.00","Beem It","+767.50"
30/11/2022,"+25.00","Refund Purchase Beem It","+777.50"
30/11/2022,"-5.00","TRANSPORTFORNSW OPAL CHIPPENDALE AUS Card xx8645 Value Date: 29/11/2022","+752.50"
29/11/2022,"-10.00","BET365.COM.AU DARWIN AU AUS Card xx8645 Value Date: 25/11/2022","+757.50"
29/11/2022,"-10.00","ISLAMIC PRACTICE AND NORTH ST MARY AUS Card xx8645 Value Date: 25/11/2022","+767.50"
29/11/2022,"-2.00","ST MARYS SUPASTORE NORTH ST MARY NS AUS Card xx8645 Value Date: 26/11/2022","+777.50"
29/11/2022,"-5.00","REVOLUTIONS HEALTH QPS ST MARYS AUS Card xx8645 Value Date: 26/11/2022","+779.50"
28/11/2022,"-72.66","Beem It","+784.50"
26/11/2022,"-5.00","TRANSPORTFORNSW OPAL CHIPPENDALE AUS Card xx8645 Value Date: 24/11/2022","+857.16"
25/11/2022,"-0.62","Nene Chicken George Sydney NS AUS Card xx8645 Value Date: 23/11/2022","+862.16"
25/11/2022,"-0.56","International Transaction Fee Value Date: 23/11/2022","+862.78"
25/11/2022,"-18.83","GFM*GoFundMe Dublin IR IRL Card xx8645 GBP 10.50 Value Date: 24/11/2022","+863.34"
24/11/2022,"-89.99","Direct Debit 142619 TPG Internet DMBO0K4E3AR-03ZFO7","+882.17"
24/11/2022,"-15.50","LEES MALAYSIAN SINCE 8 SYDNEY AUS Card xx8645 Value Date: 22/11/2022","+972.16"
24/11/2022,"-140.00","Transfer to CBA A/c NetBank Fortnightly Gift","+987.66"
24/11/2022,"-100.00","Transfer to xx3155 NetBank Ammu Hajj","+1127.66"
24/11/2022,"-290.00","Transfer to xx4532 NetBank rent","+1227.66"
22/11/2022,"-16.00","Direct Debit 617704 PAYPAL AUSTRALIA 1023630179256","+1517.66"
22/11/2022,"-100.76","COLES EXPRESS 1656 ST CLAIR AU AUS Card xx8645 Value Date: 19/11/2022","+1533.66"
22/11/2022,"-5.00","REVOLUTIONS HEALTH QPS ST MARYS AUS Card xx8645 Value Date: 20/11/2022","+1634.42"
19/11/2022,"-2.26","WWW.ALIEXPRESS.COM LONDON GB GBR Card xx8645 AUD 2.26 Value Date: 16/11/2022","+1639.42"
19/11/2022,"-5.00","TRANSPORTFORNSW OPAL CHIPPENDALE AUS Card xx8645 Value Date: 18/11/2022","+1641.68"
18/11/2022,"-26.99","BP CON ST MARYS 2195 ST MARYS NS AUS Card xx8645 Value Date: 15/11/2022","+1646.68"
18/11/2022,"-5.00","REVOLUTIONS HEALTH QPS ST MARYS AUS Card xx8645 Value Date: 15/11/2022","+1673.67"
17/11/2022,"-263.38","ALINTA ENERGY SYDNEY NS AUS Card xx8645 Value Date: 15/11/2022","+1678.67"
17/11/2022,"-5.00","REVOLUTIONS HEALTH QPS ST MARYS AUS Card xx8645 Value Date: 14/11/2022","+1942.05"
17/11/2022,"-10.04","LINKT SYDNEY SYDNEY AUS Card xx8645 Value Date: 15/11/2022","+1947.05"
16/11/2022,"-10.00","Beem It","+1957.09"
16/11/2022,"-6.21","aliexpress Melbourne AU AUS Card xx8645 Value Date: 14/11/2022","+1967.09"
16/11/2022,"-5.00","REVOLUTIONS HLTH AND ST MARYS NS AUS Card xx8645 Value Date: 12/11/2022","+1973.30"
16/11/2022,"-10.04","LINKT SYDNEY SYDNEY AUS Card xx8645 Value Date: 15/11/2022","+1978.30"
16/11/2022,"-10.04","LINKT SYDNEY SYDNEY AUS Card xx8645 Value Date: 15/11/2022","+1988.34"
15/11/2022,"-25.00","Direct Debit 617704 PAYPAL AUSTRALIA 1023487779577","+1998.38"
15/11/2022,"+87.79","Refund Purchase Beem It","+2023.38"
15/11/2022,"-35.20","MEDIBANK PHI DEBIT MELBOURNE AUS Card xx8645 Value Date: 11/11/2022","+1935.59"
15/11/2022,"-6.99","Google Chess com Barangaroo AU AUS Card xx8645 Value Date: 13/11/2022","+1970.79"
15/11/2022,"-10.00","KMART 1093 MOUNT DRUITT AU AUS Card xx8645 Value Date: 13/11/2022","+1977.78"
15/11/2022,"-13.99","Google Ellation Barangaroo AU AUS Card xx8645 Value Date: 14/11/2022","+1987.78"
15/11/2022,"+29.00","Return KMART 1093 MOUNT DRUITT AU AUS Card xx8645 Value Date: 13/11/2022","+2001.77"
15/11/2022,"-30.00","TFNSW PARK & RIDE PARRAMATTA AUS Card xx8645 Value Date: 13/11/2022","+1972.77"
15/11/2022,"+87.79","Refund Purchase Beem It","+2002.77"
14/11/2022,"-11.95","Direct Debit 617704 PAYPAL AUSTRALIA 1023467282145","+1914.98"
13/11/2022,"-8.00","Beem It","+1926.93"
13/11/2022,"-50.00","Transfer to xx0381 CommBank app","+1934.93"
12/11/2022,"-8.00","Beem It","+1984.93"
12/11/2022,"-53.25","KMART 1093 MOUNT DRUITT AU AUS Card xx8645 Value Date: 10/11/2022","+1992.93"
12/11/2022,"-5.00","REVOLUTIONS HEALTH QPS ST MARYS AUS Card xx8645 Value Date: 10/11/2022","+2046.18"
11/11/2022,"-10.00","Beem It","+2051.18"
11/11/2022,"-12.95","HEALTHSMART PHARMACY ST MARYS NS AUS Card xx8645 Value Date: 09/11/2022","+2061.18"
11/11/2022,"+11.00","Return KMART MULGRAVE AUS Card xx8645 Value Date: 10/11/2022","+2074.13"
11/11/2022,"-10.04","LINKT SYDNEY SYDNEY AUS Card xx8645 Value Date: 09/11/2022","+2063.13"
10/11/2022,"-140.00","Transfer to CBA A/c NetBank Fortnightly Gift","+2073.17"
10/11/2022,"-100.00","Transfer to xx3155 NetBank Ammu Hajj","+2213.17"
10/11/2022,"-290.00","Transfer to xx4532 NetBank rent","+2313.17"
09/11/2022,"+48.70","Direct Credit 342120 Raiz Withdrawal 305089203adfad0dc2","+2603.17"
09/11/2022,"-10.04","LINKT SYDNEY SYDNEY AUS Card xx8645 Value Date: 07/11/2022","+2554.47"
09/11/2022,"-10.04","LINKT SYDNEY SYDNEY AUS Card xx8645 Value Date: 07/11/2022","+2564.51"
09/11/2022,"-10.04","LINKT SYDNEY SYDNEY AUS Card xx8645 Value Date: 07/11/2022","+2574.55"
09/11/2022,"+90.00","Transfer from xx0381 NetBank Internet Bill","+2584.59"
08/11/2022,"-200.00","Transfer To A RAHMAN PayID Phone from CommBank App loan","+2494.59"
08/11/2022,"-10.00","IPDC ST MARYS NS AUS Card xx8645 Value Date: 04/11/2022","+2694.59"
08/11/2022,"-5.33","aliexpress Melbourne AU AUS Card xx8645 Value Date: 05/11/2022","+2704.59"
08/11/2022,"-5.00","TRANSPORTFORNSW OPAL CHIPPENDALE AUS Card xx8645 Value Date: 05/11/2022","+2709.92"
06/11/2022,"-3.00","Beem It","+2714.92"
05/11/2022,"-85.00","Transfer To UNSW Bangladeshi Society CommBank App from Arif Karim for Bang...","+2717.92"
05/11/2022,"+15.00","Fast Transfer From ANNY LEE to PayID Phone Badminton tournament","+2802.92"
05/11/2022,"-12.00","Transfer To A ZARIF PayID Phone from CommBank App food","+2787.92"
05/11/2022,"-0.09","International Transaction Fee Value Date: 03/11/2022","+2799.92"
05/11/2022,"-3.12","UPLOADHAVEN.COM SAN LEANDRO CA USA Card xx8645 USD 1.99 Value Date: 03/11/2022","+2800.01"
05/11/2022,"-1.35","POST PARRAMATTA WESTPA PARRAMATTA WA AUS Card xx8645 Value Date: 03/11/2022","+2803.13"
05/11/2022,"-11.00","KMART MULGRAVE AUS Card xx8645 Value Date: 04/11/2022","+2804.48"
04/11/2022,"-9.60","NENE CHICKEN PMATTA PARRAMATTA NS AUS Card xx8645 Value Date: 02/11/2022","+2815.48"
03/11/2022,"-4.00","SQ *R S ENTERPRISE NORTH ST MARY AU AUS Card xx8645 Value Date: 31/10/2022","+2825.08"
03/11/2022,"-5.00","TRANSPORTFORNSW OPAL CHIPPENDALE AUS Card xx8645 Value Date: 02/11/2022","+2829.08"
03/11/2022,"-10.00","WSU BPOINT CHECKOUT RICHMOND AUS Card xx8645 Value Date: 02/11/2022","+2834.08"
02/11/2022,"-9.00","Transfer To A IBRAHIM PayID Phone from CommBank App food","+2844.08"
02/11/2022,"-1.00","KFC*Parramatta L1 kfc.com.au NS AUS Card xx8645 Value Date: 29/10/2022","+2853.08"
02/11/2022,"-7.87","eBay O*15-09280-61771 Sydney AU AUS Card xx8645 Value Date: 01/11/2022","+2854.08"
02/11/2022,"-31.50","GM TAXIPAY NSWNSW AUS Card xx8645 Value Date: 29/10/2022","+2861.95"
02/11/2022,"-4.99","EZYMART HARRINGTON S SYDNEY AUS Card xx8645 Value Date: 28/10/2022","+2893.45"
01/11/2022,"-3.50","Direct Debit 342120 Raiz Maint Fee 6f9cf559da47b01e96","+2898.44"
01/11/2022,"-5.00","TRANSPORTFORNSW OPAL CHIPPENDALE AUS Card xx8645 Value Date: 29/10/2022","+2901.94"
29/10/2022,"-2.00","Beem It","+2906.94"
29/10/2022,"-8.00","Beem It","+2908.94"
29/10/2022,"-26.00","WSU BPOINT CHECKOUT RICHMOND AUS Card xx8645 Value Date: 28/10/2022","+2916.94"
27/10/2022,"-140.00","Transfer to CBA A/c NetBank Fortnightly Gift","+2942.94"
27/10/2022,"-100.00","Transfer to xx3155 NetBank Ammu Hajj","+3082.94"
27/10/2022,"-290.00","Transfer to xx4532 NetBank rent","+3182.94"
26/10/2022,"+1113.30","Salary IAG SERVICES PTY SALARY70/123640","+3472.94"
26/10/2022,"-3.70","MAGGIES PIZZA MOUNT DRUITT NS AUS Card xx8645 Value Date: 22/10/2022","+2359.64"
25/10/2022,"-89.99","Direct Debit 142619 TPG Internet DMAP0LCGLVV-03ZFO7","+2363.34"
25/10/2022,"-10.00","Direct Debit 617704 PAYPAL AUSTRALIA 1023080089703","+2453.33"
25/10/2022,"-45.00","KMART 1093 MOUNT DRUITT AU AUS Card xx8645 Value Date: 22/10/2022","+2463.33"
25/10/2022,"-9.99","SUPER CHEAP AUTO MINCHINBURY NS AUS Card xx8645 Value Date: 22/10/2022","+2508.33"
24/10/2022,"-20.00","Transfer to xx0381 CommBank app","+2518.32"
22/10/2022,"-8.00","Beem It","+2538.32"
22/10/2022,"-5.00","TRANSPORTFORNSW OPAL CHIPPENDALE AUS Card xx8645 Value Date: 21/10/2022","+2546.32"
20/10/2022,"-2.50","HEALTHSMART PHARMACY ST MARYS NS AUS Card xx8645 Value Date: 18/10/2022","+2551.32"
19/10/2022,"-8.00","Beem It","+2553.82"
19/10/2022,"-13.50","GONG CHA AND HOTSTAR BURWOOD AUS Card xx8645 Value Date: 15/10/2022","+2561.82"
19/10/2022,"-10.04","LINKT SYDNEY SYDNEY AUS Card xx8645 Value Date: 18/10/2022","+2575.32"
19/10/2022,"-10.04","LINKT SYDNEY SYDNEY AUS Card xx8645 Value Date: 18/10/2022","+2585.36"
19/10/2022,"-10.04","LINKT SYDNEY SYDNEY AUS Card xx8645 Value Date: 18/10/2022","+2595.40"
18/10/2022,"-4.80","ST MARYS SUPASTORE NORTH ST MARY NS AUS Card xx8645 Value Date: 14/10/2022","+2605.44"
18/10/2022,"-2.00","KMART 1160 BURWOOD AU AUS Card xx8645 Value Date: 15/10/2022","+2610.24"
18/10/2022,"-0.35","My Modern Burwood NS AUS Card xx8645 Value Date: 15/10/2022","+2612.24"
18/10/2022,"-8.60","TEJY ENTERPRISE PTY BURWOOD NS AUS Card xx8645 Value Date: 15/10/2022","+2612.59"
18/10/2022,"-17.15","1915 Lanzhou Beef Nood Burwood NS AUS Card xx8645 Value Date: 15/10/2022","+2621.19"
18/10/2022,"-10.04","LINKT SYDNEY SYDNEY AUS Card xx8645 Value Date: 15/10/2022","+2638.34"
18/10/2022,"-10.04","LINKT SYDNEY SYDNEY AUS Card xx8645 Value Date: 15/10/2022","+2648.38"
17/10/2022,"-25.00","Direct Debit 617704 PAYPAL AUSTRALIA 1022902607976","+2658.42"
14/10/2022,"-40.00","Transfer To E ENAN PayID Phone from CommBank App Football Comp Refund","+2683.42"
13/10/2022,"-140.00","Transfer to CBA A/c NetBank Fortnightly Gift","+2723.42"
13/10/2022,"-100.00","Transfer to xx3155 NetBank Ammu Hajj","+2863.42"
13/10/2022,"-290.00","Transfer to xx4532 NetBank rent","+2963.42"
13/10/2022,"-35.20","MEDIBANK PHI DEBIT MELBOURNE AUS Card xx8645 Value Date: 11/10/2022","+3253.42"
12/10/2022,"+1396.36","Salary IAG SERVICES PTY SALARY70/123640","+3288.62"
12/10/2022,"+884.65","Fast Transfer From MR MD MAHABUBER RAHMA to PayID Phone Nbn tools","+1892.26"
12/10/2022,"-98.75","BP CON ST MARYS 2195 ST MARYS NS AUS Card xx8645 Value Date: 08/10/2022","+1007.61"
12/10/2022,"-2.50","COLES 0726 MOUNT DRUITT AU AUS Card xx8645 Value Date: 09/10/2022","+1106.36"
11/10/2022,"+20.00","Fast Transfer From ADIYAT RAHMAN to PayID Phone Adiyat Value Date: 12/10/2022","+1108.86"
11/10/2022,"-5.70","SQ *R S ENTERPRISE NORTH ST MARY AU AUS Card xx8645 Value Date: 07/10/2022","+1088.86"
11/10/2022,"-3.03","SanChurro MountDruitt Mount Druitt NS AUS Card xx8645 Value Date: 09/10/2022","+1094.56"
11/10/2022,"-12.12","SanChurro MountDruitt Mount Druitt NS AUS Card xx8645 Value Date: 09/10/2022","+1097.59"
11/10/2022,"-67.00","Afterpay afterpay.com AU AUS Card xx8645 Value Date: 10/10/2022","+1109.71"
11/10/2022,"-3.71","aliexpress Melbourne AU AUS Card xx8645 Value Date: 09/10/2022","+1176.71"
11/10/2022,"-5.00","TRANSPORTFORNSW OPAL CHIPPENDALE AUS Card xx8645 Value Date: 09/10/2022","+1180.42"
10/10/2022,"-700.00","Transfer to xx3155 CommBank app loan repay","+1185.42"
10/10/2022,"-500.00","Transfer to xx3155 CommBank app","+1885.42"
10/10/2022,"-20.00","Transfer To A RAHMAN PayID Phone from CommBank App loan","+2385.42"
09/10/2022,"+90.00","Transfer from xx0381 NetBank Internet Bill","+2405.42"
08/10/2022,"-11.95","HEALTHSMART PHARMACY ST MARYS NS AUS Card xx8645 Value Date: 06/10/2022","+2315.42"
07/10/2022,"+1735.47","Direct Credit 342120 Raiz Withdrawal 3e6794fd299662a24e","+2327.37"
07/10/2022,"-10.00","Beem It","+591.90"
07/10/2022,"-10.04","LINKT SYDNEY SYDNEY AUS Card xx8645 Value Date: 05/10/2022","+601.90"
07/10/2022,"-10.04","LINKT SYDNEY SYDNEY AUS Card xx8645 Value Date: 05/10/2022","+611.94"
06/10/2022,"+110.00","Refund Purchase Beem It","+621.98"
05/10/2022,"-8.00","Beem It","+511.98"
04/10/2022,"+40.00","Fast Transfer From EISHA ENAN to PayID Phone Enan","+519.98"
04/10/2022,"-320.00","Transfer To A MAHFUZ PayID Phone from CommBank App Football Comp","+479.98"
04/10/2022,"+500.00","Transfer from xx3155 CommBank app loan","+799.98"
04/10/2022,"-3.80","ST MARYS SUPASTORE NORTH ST MARY NS AUS Card xx8645 Value Date: 30/09/2022","+299.98"
04/10/2022,"-12.50","SMP*Hero Sushi Parram Parramatta AU AUS Card xx8645 Value Date: 01/10/2022","+303.78"
04/10/2022,"-2.20","CIRCUM WASH MENTONE VI AUS Card xx8645 Value Date: 02/10/2022","+316.28"
04/10/2022,"-2.20","CIRCUM WASH MENTONE VI AUS Card xx8645 Value Date: 02/10/2022","+318.48"
04/10/2022,"-21.00","KMART 1093 MOUNT DRUITT AU AUS Card xx8645 Value Date: 02/10/2022","+320.68"
04/10/2022,"+17.00","Return KMART MULGRAVE AUS Card xx8645 Value Date: 02/10/2022","+341.68"
03/10/2022,"-3.50","Direct Debit 342120 Raiz Maint Fee 1c57bade7059a74186","+324.68"
01/10/2022,"-37.66","Beem It","+328.18"
01/10/2022,"-3.90","PICCOLO ME PARRAMATTA NS AUS Card xx8645 Value Date: 29/09/2022","+365.84"
01/10/2022,"-6.30","7-ELEVEN 2279 ST MARYS NS AUS Card xx8645 Value Date: 28/09/2022","+369.74"
30/09/2022,"-5.00","TRANSPORTFORNSW OPAL CHIPPENDALE AUS Card xx8645 Value Date: 29/09/2022","+376.04"
29/09/2022,"-200.00","Direct Debit 342120 Raiz Investment a93846421259d16b58","+381.04"
29/09/2022,"-60.00","REVOLUTIONS HEALTH A ST MARYS AUS Card xx8645 Value Date: 27/09/2022","+581.04"
29/09/2022,"-100.00","Transfer to CBA A/c NetBank investment repay","+641.04"
29/09/2022,"-140.00","Transfer to CBA A/c NetBank Fortnightly Gift","+741.04"
29/09/2022,"-100.00","Transfer to xx3155 NetBank loan repay","+881.04"
29/09/2022,"-100.00","Transfer to xx3155 NetBank Ammu Hajj","+981.04"
29/09/2022,"-290.00","Transfer to xx4532 NetBank rent","+1081.04"
28/09/2022,"-8.00","Beem It","+1371.04"
28/09/2022,"+312.94","Salary IAG SERVICES PTY SALARY70/123640","+1379.04"
28/09/2022,"+38.00","Refund Purchase Beem It","+1066.10"
28/09/2022,"-250.00","Transfer To M KARIM PayID Phone from CommBank App Car Service","+1028.10"
28/09/2022,"-12.95","HEALTHSMART PHARMACY ST MARYS NS AUS Card xx8645 Value Date: 25/09/2022","+1278.10"
27/09/2022,"-66.99","Afterpay afterpay.com AU AUS Card xx8645 Value Date: 26/09/2022","+1291.05"
26/09/2022,"-1500.00","Direct Debit 342120 Raiz Investment 52b2e5d26efe6dfd21","+1358.04"
26/09/2022,"-89.99","Direct Debit 142619 TPG Internet DM9O1OQX5BO-03ZFO7","+2858.04"
24/09/2022,"-5.00","TRANSPORTFORNSW OPAL CHIPPENDALE AUS Card xx8645 Value Date: 23/09/2022","+2948.03"
22/09/2022,"-5.00","Transfer To A LEE PayID Phone from CommBank App 20193922 Arif Karim","+2953.03"
22/09/2022,"-13.74","Afterpay afterpay.com AU AUS Card xx8645 Value Date: 21/09/2022","+2958.03"
21/09/2022,"-8.00","Beem It","+2971.77"
21/09/2022,"+100.00","Fast Transfer From ADIYAT RAHMAN to PayID Phone Adiyat","+2979.77"
20/09/2022,"-3.62","eBay O*25-09101-75077 Sydney AU AUS Card xx8645 Value Date: 16/09/2022","+2879.77"
20/09/2022,"-16.60","ST MARYS SUPASTORE NORTH ST MARY NS AUS Card xx8645 Value Date: 16/09/2022","+2883.39"
20/09/2022,"-12.50","SQ *R S ENTERPRISE NORTH ST MARY AU AUS Card xx8645 Value Date: 17/09/2022","+2899.99"
20/09/2022,"-5.00","TRANSPORTFORNSW OPAL CHIPPENDALE AUS Card xx8645 Value Date: 18/09/2022","+2912.49"
17/09/2022,"-30.00","Beem It","+2917.49"
16/09/2022,"-10.51","Direct Debit 342120 Raiz Investment 9871ccd0ae69ac2d76","+2947.49"
15/09/2022,"-10.00","Direct Debit 342120 Raiz Investment 5b64197af4bba98606","+2958.00"
15/09/2022,"+23.75","Return Afterpay afterpay.com AU AUS Card xx8645 Value Date: 13/09/2022","+2968.00"
15/09/2022,"+23.75","Return Afterpay afterpay.com AU AUS Card xx8645 Value Date: 13/09/2022","+2944.25"
15/09/2022,"+23.75","Return Afterpay afterpay.com AU AUS Card xx8645 Value Date: 13/09/2022","+2920.50"
15/09/2022,"+23.75","Return Afterpay afterpay.com AU AUS Card xx8645 Value Date: 13/09/2022","+2896.75"
15/09/2022,"-100.00","Transfer to CBA A/c NetBank investment repay","+2873.00"
15/09/2022,"-140.00","Transfer to CBA A/c NetBank Fortnightly Gift","+2973.00"
15/09/2022,"-100.00","Transfer to xx3155 NetBank loan repay","+3113.00"
15/09/2022,"-100.00","Transfer to xx3155 NetBank Ammu Hajj","+3213.00"
15/09/2022,"-290.00","Transfer to xx4532 NetBank rent","+3313.00"
14/09/2022,"-25.00","Direct Debit 617704 PAYPAL AUSTRALIA 1022324986626","+3603.00"
14/09/2022,"-100.00","Transfer To A RAHMAN PayID Phone from CommBank App loan","+3628.00"
14/09/2022,"+494.12","Salary IAG SERVICES PTY SALARY70/123640","+3728.00"
14/09/2022,"-26.50","MEDIBANK PHI DEBIT MELBOURNE AUS Card xx8645 Value Date: 12/09/2022","+3233.88"
14/09/2022,"-5.00","TRANSPORTFORNSW OPAL CHIPPENDALE AUS Card xx8645 Value Date: 13/09/2022","+3260.38"
13/09/2022,"-66.99","Afterpay afterpay.com AU AUS Card xx8645 Value Date: 12/09/2022","+3265.38"
12/09/2022,"-30.00","Beem It","+3332.37"
12/09/2022,"-10.96","Direct Debit 342120 Raiz Investment 8f6e318d52f2fe5eb8","+3362.37"
12/09/2022,"-49.00","Direct Debit 617704 PAYPAL AUSTRALIA 1022298987913","+3373.33"
09/09/2022,"-4.00","Transfer To Mohammad Rasel PayID Phone from CommBank App inflation","+3422.33"
09/09/2022,"-500.00","Transfer To Mohammad Rasel PayID Phone from CommBank App loan repay","+3426.33"
09/09/2022,"-8.00","Beem It","+3926.33"
09/09/2022,"-23.75","Afterpay afterpay.com AU AUS Card xx8645 Value Date: 08/09/2022","+3934.33"
09/09/2022,"+90.00","Transfer from xx0381 NetBank Internet Bill","+3958.08"
09/09/2022,"+3550.60","Direct Credit 012721 ATO ATO003000017167257","+3868.08"
08/09/2022,"-100.00","Transfer To A RAHMAN PayID Phone from CommBank App loan repay","+317.48"
08/09/2022,"+300.00","Direct Credit 342120 Raiz Withdrawal 9a14faae76dbd34d3e","+417.48"
08/09/2022,"+20.00","Refund Purchase Beem It","+117.48"
08/09/2022,"-20.00","Beem It","+97.48"
08/09/2022,"-13.75","Afterpay afterpay.com AU AUS Card xx8645 Value Date: 07/09/2022","+117.48"
07/09/2022,"+100.00","Fast Transfer From ADIYAT RAHMAN to PayID Phone Adiyat","+131.23"
07/09/2022,"-10.00","LIQUID LAUNDROMATS BLACKTOWN NS AUS Card xx8645 Value Date: 04/09/2022","+31.23"
07/09/2022,"-23.85","SH & L PTY LTD MINTO NS AUS Card xx8645 Value Date: 04/09/2022","+41.23"
07/09/2022,"-25.20","SPEEDWAY ST MARYS ST MARYS NS AUS Card xx8645 Value Date: 04/09/2022","+65.08"
07/09/2022,"-9.50","MCDONALDS GUILDFORD GUILDFORD AUS Card xx8645 Value Date: 02/09/2022","+90.28"
07/09/2022,"-0.50","SPENCER GULF RESTAURAN BANKSTOWN AUS Card xx8645 Value Date: 04/09/2022","+99.78"
07/09/2022,"-13.45","SPENCER GULF RESTAURAN BANKSTOWN AUS Card xx8645 Value Date: 04/09/2022","+100.28"
06/09/2022,"-10.04","LINKT SYDNEY DOCKLANDS AUS Card xx8645 Value Date: 02/09/2022","+113.73"
05/09/2022,"-8.70","Direct Debit 342120 Raiz Investment cff3fe4383ae6aa4fb","+123.77"
05/09/2022,"+10.00","Direct Credit 361748 MEDIBANK PRIVATE 101015728076","+132.47"
03/09/2022,"-500.00","Beem It","+122.47"
03/09/2022,"-4.30","ST MARYS SUPASTORE NORTH ST MARY NS AUS Card xx8645 Value Date: 01/09/2022","+622.47"
03/09/2022,"-5.00","TRANSPORTFORNSW OPAL CHIPPENDALE AUS Card xx8645 Value Date: 02/09/2022","+626.77"
03/09/2022,"-20.00","Transfer To A ALVI PayID Phone from CommBank App Badmintion team registration from ari...","+631.77"
03/09/2022,"-4.00","Transfer To Ashfaqul Anam CommBank App shuttle","+651.77"
02/09/2022,"-18.00","Transfer To T SARKER PayID Phone from CommBank App food from arif","+655.77"
02/09/2022,"-9.03","Direct Debit 342120 Raiz Investment b419c8195c4811ae99","+673.77"
02/09/2022,"-15.00","Transfer To A LEE PayID Phone from CommBank App 20193922 Arif Karim MS","+682.80"
01/09/2022,"-30.00","Transfer To Arif PayID Email from CommBank App Crypto","+697.80"
01/09/2022,"-10.00","Direct Debit 342120 Raiz Investment 992e3924cef160b428","+727.80"
01/09/2022,"+14.00","Refund Purchase Beem It","+737.80"
01/09/2022,"-14.00","Beem It","+723.80"
01/09/2022,"-100.00","Transfer to CBA A/c NetBank investment repay","+737.80"
01/09/2022,"-140.00","Transfer to CBA A/c NetBank Fortnightly Gift","+837.80"
01/09/2022,"-100.00","Transfer to xx3155 NetBank loan repay","+977.80"
01/09/2022,"-100.00","Transfer to xx3155 NetBank Ammu Hajj","+1077.80"
01/09/2022,"-290.00","Transfer to xx4532 NetBank rent","+1177.80"
01/09/2022,"+200.00","Fast Transfer From ADIYAT RAHMAN to PayID Phone Adiyat","+1467.80"
31/08/2022,"-8.00","Beem It","+1267.80"
31/08/2022,"-200.00","Direct Debit 342120 Raiz Investment 040fae742ec2a03795","+1275.80"
31/08/2022,"+1306.36","Salary IAG SERVICES PTY SALARY70/123640","+1475.80"
31/08/2022,"-0.09","International Transaction Fee Value Date: 29/08/2022","+169.44"
31/08/2022,"-2.88","UPLOADHAVEN.COM SAN LEANDRO CA USA Card xx8645 USD 1.99 Value Date: 30/08/2022","+169.53"
31/08/2022,"-14.00","Transfer To Ashfaqul Anam CommBank App Badminton from Zarif Kar...","+172.41"
31/08/2022,"+14.00","Refund Purchase Beem It","+186.41"
30/08/2022,"-14.00","Transfer To A ALVI PayID Phone from CommBank App Badminton from Arif Karim","+172.41"
30/08/2022,"-10.00","ISLAMIC PRACTICE AND NORTH ST MARY AUS Card xx8645 Value Date: 26/08/2022","+186.41"
30/08/2022,"-8.10","BAY VISTA PARRAMATTA PARRAMATTA AUS Card xx8645 Value Date: 26/08/2022","+196.41"
30/08/2022,"-66.99","Afterpay afterpay.com AU AUS Card xx8645 Value Date: 29/08/2022","+204.51"
29/08/2022,"-9.92","Direct Debit 342120 Raiz Investment 47c72637bdec82c4fa","+271.50"
28/08/2022,"+12.50","Refund Purchase Beem It","+281.42"
27/08/2022,"-107.00","FOODIES CHARCOAL CHI EMERTON NS AUS Card xx8645 Value Date: 25/08/2022","+268.92"
27/08/2022,"-12.80","TOYO SUSHI UWS PARRAMATTA NS AUS Card xx8645 Value Date: 25/08/2022","+375.92"
27/08/2022,"-7.70","S.TNA PTY LTD QPS DENISTONE AUS Card xx8645 Value Date: 25/08/2022","+388.72"
26/08/2022,"-200.00","Transfer To A RAHMAN PayID Phone from CommBank App loan","+396.42"
26/08/2022,"-13.75","AFTERPAY MELBOURNE VI AUS Card xx8645 Value Date: 24/08/2022","+596.42"
